,Afghanistan,Albania,Algeria,Angola,Argentina,Armenia,Australia,Austria,Azerbaijan,Bahrain,Bangladesh,Belgium,Benin,Bhutan,Bolivia,Bosnia and Herz.,Botswana,Brazil,Burkina Faso,Burundi,Cambodia,Cameroon,Canada,Central African Rep.,Chad,China,Colombia,Comoros,Congo,Croatia,Djibouti,Dem. Rep. Congo,Ecuador,Egypt,El Salvador,Eritrea,Ethiopia,France,Gambia,Georgia,Germany,Ghana,Guatemala,Guinea,Guinea-Bissau,Guyana,Haiti,Honduras,India,Indonesia,Iran,Iraq,Israel,Italy,Côte d'Ivoire,Jamaica,Jordan,Kenya,eSwatini,Kuwait,Kyrgyzstan,Laos,Lebanon,Lesotho,Liberia,Libya,Madagascar,Malaysia,Mali,Malta,Mauritania,Mexico,Moldova,Morocco,Mozambique,Myanmar,Namibia,Nepal,Netherlands,Nicaragua,Niger,Nigeria,Macedonia,Pakistan,Panama,Papua New Guinea,Paraguay,Peru,Philippines,Poland,Qatar,Romania,Russia,Rwanda,Saudi Arabia,Senegal,Serbia,Sierra Leone,Solomon Islands,Somalia,South Africa,S. Sudan,Spain,Sri Lanka,Sudan,Sweden,Syria,Tajikistan,Tanzania,Thailand,Togo,Trinidad and Tobago,Tunisia,Turkey,Uganda,Ukraine,United Arab Emirates,United Kingdom,United States of America,Uzbekistan,Venezuela,Yemen,Zambia,Zimbabwe
2024-12-31,93.0,,0.0,0.0,,,,,0.0,,0.0,0.0,15.0,,,,,129.0,31.0,2.0,0.0,35.0,,27.0,24.0,,61.0,,,,,275.0,77.0,0.0,,,174.0,0.0,,,,0.0,0.0,,,,336.0,1.0,33.0,14.0,4.0,25.0,1371.0,,0.0,0.0,,1.0,0.0,,,0.0,53.0,,0.0,0.0,,0.0,129.0,,,230.0,,0.0,125.0,172.0,,0.0,,,272.0,171.0,,224.0,,0.0,,0.0,12.0,,,,1489.0,0.0,0.0,,,,,,0.0,36.0,,,861.0,,954.0,0.0,0.0,2.0,0.0,0.0,,,1.0,5866.0,,,,0.0,1.0,66.0,,
2025-01-31,14.0,,0.0,0.0,,,,,0.0,,2.0,0.0,28.0,,,,,109.0,145.0,12.0,2.0,34.0,,27.0,24.0,,226.0,,,,,3699.0,5.0,0.0,,,274.0,0.0,,,,2.0,0.0,,,,75.0,3.0,74.0,8.0,0.0,36.0,1059.0,,0.0,1.0,,13.0,0.0,,,0.0,57.0,,0.0,0.0,,2.0,144.0,,,485.0,,7.0,46.0,240.0,,0.0,,,16.0,613.0,,239.0,,2.0,,0.0,13.0,,,,1086.0,5.0,0.0,,,,,,6.0,0.0,,,809.0,,531.0,0.0,0.0,5.0,3.0,0.0,,,0.0,4589.0,,,,1.0,0.0,56.0,,
2025-02-28,25.0,,0.0,0.0,,,,,4.0,,6.0,1.0,15.0,,,,,80.0,125.0,17.0,0.0,30.0,,96.0,4.0,,28.0,,,,,483.0,2.0,0.0,,,106.0,2.0,,,,0.0,1.0,,,,40.0,0.0,74.0,1.0,1.0,18.0,43.0,,0.0,1.0,,21.0,3.0,,,0.0,21.0,,1.0,0.0,,0.0,202.0,,,238.0,,0.0,41.0,165.0,,0.0,,,109.0,383.0,,258.0,,3.0,,0.0,14.0,,,,734.0,0.0,0.0,,,,,,53.0,35.0,,,1002.0,,265.0,7.0,0.0,4.0,0.0,0.0,,,0.0,4695.0,,,,0.0,0.0,64.0,,
2025-03-31,8.0,,0.0,1.0,,,,,0.0,,11.0,0.0,0.0,,,,,82.0,364.0,17.0,0.0,21.0,,64.0,7.0,,74.0,,,,,442.0,26.0,0.0,,,365.0,1.0,,,,4.0,6.0,,,,39.0,5.0,83.0,5.0,5.0,7.0,1112.0,,0.0,0.0,,19.0,1.0,,,0.0,27.0,,2.0,0.0,,2.0,144.0,,,313.0,,0.0,35.0,208.0,,2.0,,,112.0,628.0,,361.0,,0.0,,1.0,21.0,,,,751.0,0.0,5.0,,,,,,44.0,117.0,,,593.0,,1486.0,0.0,1.0,6.0,0.0,0.0,,,0.0,4314.0,,,,0.0,1.0,165.0,,
2025-04-30,2.0,,0.0,1.0,,,,,0.0,,15.0,0.0,67.0,,,,,98.0,183.0,16.0,0.0,28.0,,6.0,1.0,,77.0,,,,,131.0,21.0,0.0,,,424.0,0.0,,,,1.0,1.0,,,,89.0,3.0,83.0,22.0,12.0,9.0,1278.0,,0.0,0.0,,11.0,0.0,,,0.0,25.0,,0.0,5.0,,0.0,108.0,,,320.0,,0.0,39.0,246.0,,0.0,,,43.0,798.0,,270.0,,2.0,,0.0,36.0,,,,164.0,0.0,0.0,,,,,,15.0,29.0,,,1834.0,,222.0,0.0,2.0,7.0,0.0,0.0,,,1.0,4034.0,,,,0.0,0.0,358.0,,
2025-05-31,15.0,,2.0,4.0,,,,,0.0,,1.0,0.0,0.0,,,,,87.0,419.0,10.0,1.0,32.0,,43.0,47.0,,100.0,,,,,209.0,12.0,0.0,,,215.0,0.0,,,,0.0,0.0,,,,19.0,0.0,125.0,37.0,0.0,18.0,2137.0,,0.0,0.0,,15.0,0.0,,,5.0,24.0,,0.0,7.0,,0.0,135.0,,,239.0,,0.0,64.0,119.0,,0.0,,,209.0,1010.0,,346.0,,4.0,,0.0,15.0,,,,123.0,0.0,0.0,,,,,,14.0,13.0,,,637.0,,173.0,0.0,1.0,12.0,0.0,0.0,,,0.0,3179.0,,,,0.0,2.0,68.0,,
2025-06-30,21.0,,0.0,0.0,,,,,0.0,,7.0,0.0,30.0,,,,,44.0,91.0,20.0,0.0,48.0,,59.0,51.0,,97.0,,,,,244.0,0.0,0.0,,,208.0,0.0,,,,0.0,0.0,,,,11.0,0.0,40.0,11.0,1190.0,9.0,1906.0,,0.0,1.0,,12.0,0.0,,,0.0,23.0,,0.0,1.0,,0.0,415.0,,,396.0,,0.0,70.0,112.0,,0.0,,,158.0,1038.0,,176.0,,0.0,,0.0,20.0,,,,52.0,0.0,0.0,,,,,,33.0,9.0,,,379.0,,194.0,0.0,0.0,3.0,6.0,0.0,,,0.0,4413.0,,,,0.0,0.0,44.0,,
2025-07-31,10.0,,0.0,22.0,,,,,0.0,,10.0,0.0,0.0,,,,,38.0,342.0,15.0,11.0,20.0,,18.0,18.0,,82.0,,,,,572.0,48.0,3.0,,,189.0,3.0,,,,3.0,7.0,,,,38.0,0.0,36.0,4.0,29.0,13.0,2440.0,,0.0,0.0,,37.0,0.0,,,0.0,34.0,,0.0,0.0,,0.0,181.0,,,406.0,,0.0,37.0,197.0,,0.0,,,98.0,675.0,,255.0,,11.0,,6.0,18.0,,,,56.0,0.0,1.0,,,,,,66.0,0.0,,,953.0,,2521.0,0.0,0.0,35.0,0.0,0.0,,,2.0,6871.0,,,,0.0,0.0,44.0,,
2025-08-31,17.0,,0.0,12.0,,,,,0.0,,0.0,0.0,0.0,,,,,27.0,207.0,17.0,0.0,20.0,,19.0,4.0,,86.0,,,,,450.0,50.0,1.0,,,80.0,0.0,,,,31.0,2.0,,,,32.0,0.0,24.0,14.0,39.0,22.0,1695.0,,4.0,0.0,,7.0,2.0,,,0.0,31.0,,0.0,0.0,,0.0,164.0,,,335.0,,0.0,37.0,246.0,,0.0,,,53.0,552.0,,287.0,,9.0,,0.0,19.0,,,,46.0,0.0,0.0,,,,,,62.0,20.0,,,580.0,,174.0,0.0,0.0,0.0,0.0,11.0,,,0.0,7275.0,,,,0.0,4.0,52.0,,
2025-09-30,0.0,,0.0,0.0,,,,,0.0,,0.0,0.0,0.0,,,,,0.0,0.0,0.0,0.0,0.0,,0.0,0.0,,0.0,,,,,0.0,0.0,0.0,,,0.0,0.0,,,,0.0,0.0,,,,0.0,0.0,0.0,0.0,0.0,0.0,0.0,,0.0,0.0,,0.0,0.0,,,0.0,0.0,,0.0,0.0,,0.0,0.0,,,0.0,,0.0,0.0,0.0,,0.0,,,0.0,0.0,,0.0,,0.0,,0.0,0.0,,,,0.0,0.0,0.0,,,,,,0.0,0.0,,,0.0,,0.0,0.0,0.0,0.0,0.0,0.0,,,0.0,0.0,,,,0.0,0.0,0.0,,
2025-10-31,13.931397948471346,,0.11858509512824317,1.400774523132699,,,,,0.20897905575098105,,6.155243347338935,0.05224476393774526,0.0,,,,,4.6985306969099305,90.40276330972058,1.9847675965235139,0.7852983661371975,7.686289822706352,,-8.514257716805487,2.852425876010782,,42.89062234761609,,,,,134.13544146478083,-4.033211759504862,0.2971348791412088,,,54.04669531594343,0.30000000000000004,,,,3.0092669309823794,1.696969696969697,,,,16.471738444623117,0.8402685676392574,26.433058385169392,4.723529622005559,68.95238978764421,5.9171341975247564,182.45535714285714,,0.21105961865010303,0.06825396825396825,,7.455879956473971,0.8333333333333334,,,0.29646273782060795,35.83671428571429,,0.08659738336361293,1.1856249205161866,,0.09407665505226481,31.361413054634127,,,28.894520308123248,,0.41577891677122775,21.829159663765324,32.297869333129256,,0.11735353203033094,,,87.02373247033441,-36.5662123939316,,0.5670613823102948,,1.0476190476190474,,0.5587503228399826,5.488611524081489,,,,132.81337003392895,0.296984940550877,0.5396899715502447,,,,,,2.661290322580645,9.885040342933237,,,186.25054465470595,,355.21596472129914,0.36571334756421686,0.3677501600099342,5.863024682107744,0.46998109998110005,0.5804139512877833,,,0.0,845.7621224165342,,,,0.059396988110175394,0.7052641920727026,38.41750515736281,,
2025-11-30,3.25171703016621,,0.06200690944724404,1.3219214765377167,,,,,0.10842427873668993,,0.1761642156862745,0.027106069684172483,0.0,,,,,6.814078580975819,-23.439362527993765,2.4082138367071777,0.6021871368061713,7.757730375070666,,-14.26098317818063,12.67421729214182,,52.18502100842939,,,,,228.30735366195208,4.6156517094017095,0.1798537430948498,,,37.912642244660816,0.0,,,,3.851452108609437,0.9799999999999999,,,,14.37240651879942,0.4537466843501326,5.494106326020141,3.2914185410511703,25.95122801976824,4.218196791255689,68.08035714285715,,0.13041010271874945,0.0782051282051282,,3.292267252270485,0.3333333333333333,,,0.1550172736181101,4.5600000000000005,,0.2362882911008889,0.39207650273224043,,0.07235772357723577,-29.30544365598726,,,58.35793067226891,,0.17917905244311744,23.429805264708776,6.415631427396134,,0.05701053471776816,,,21.854368932038835,-58.1856518385189,,7.306367810536491,,0.5736961451247165,,0.3254152705110469,-0.5563259906382477,,,,73.00560381821083,0.12798503745936962,0.39596907075038573,,,,,,6.919354838709678,7.884642563711264,,,74.93735087115995,,294.08412246938934,0.18974248778920738,0.04464229731604506,-0.15481687907322067,0.7138645932360956,0.35862778247656096,,,0.0,-42.794117647058826,,,,0.02559700749187392,0.4677780847993614,50.19797163711755,,
2025-12-31,1.276482924663625,,0.04332268846017422,0.0,,,,,0.09141577967185717,,1.9642857142857144,0.022853944917964292,0.0,,,,,5.387669865196162,9.711320816659788,1.2083887542590603,0.43217099988070007,16.583992763220117,,16.106091785072678,5.57267261040846,,66.21360325231055,,,,,370.27554614199687,2.940972222222222,0.11590780760741234,,,-71.17411347517731,0.30000000000000004,,,,0.6486491570609672,0.0,,,,12.541779930815842,1.3261770557029178,8.11722112072253,4.47429332759064,23.32901693183364,4.068525194886156,231.47321428571428,,0.13286633189687874,0.007692307692307692,,1.3769014406850775,0.16666666666666666,,,0.10830672115043556,7.638000000000001,,0.19692466757145943,0.024225865209471766,,0.13658536585365852,44.47657686875986,,,-60.990108543417364,,0.12080194740222168,27.23945869944295,8.890210268527643,,0.04745925279655083,,,13.696871628910465,-64.05759835433273,,4.100289995166747,,0.0,,0.2855694425348658,0.5376162859161564,,,,79.13531574455915,0.0862871052873012,0.23429049714431288,,,,,,3.193548387096774,19.672775868353508,,,157.7508984648352,,166.1023048087416,0.15997761442575004,-0.03929816597850184,-1.1793392351790517,0.6862480454559663,0.3653824127164165,,,0.0,879.3034578696344,,,,0.01725742105746024,0.045257437597863125,25.160174832060957,,
2026-01-31,-0.5075974428194654,,0.06800624972341464,2.280847031681292,,,,,0.1368923911422027,,3.443627450980392,0.034223097785550674,0.0,,,,,1.0630716153721131,-30.590751793280674,3.886176047227739,0.5096407155849874,0.08226361245067992,,18.029070716968807,1.1816815260211486,,11.761951138519338,,,,,487.383831046072,1.3221153846153844,0.054976643909450236,,,-80.83601644829106,0.8999999999999999,,,,2.0324501335269685,0.15705128205128205,,,,20.901242840677973,0.7662466843501325,65.19209093864566,4.50718560749059,47.995481019597804,4.387865204670978,-190.625,,0.10812490133417586,0.02564102564102564,,5.590543061973192,0.0,,,0.1700156243085366,1.026,,0.20331304143604612,0.9050486115492108,,0.16097560975609757,137.11158547975236,,,-43.481880252100844,,0.26892820478340884,12.877555118162212,10.192216094439079,,0.08838361064102786,,,39.35814455231932,-62.1892517356647,,3.0970275495408406,,0.5238095238095237,,0.1248102794753772,3.040513314001413,,,,-10.127384658947786,0.19209157484529202,0.3160025664535093,,,,,,2.661290322580645,7.527413180937483,,,264.17943325682467,,237.1128118249308,0.23956168449885473,-0.04178513244163656,2.0400414023381477,0.3134640565075348,0.29734347866898364,,,0.25,1039.781399046105,,,,0.038418314969058405,0.30363697767953085,25.87072457855376,,
2026-02-28,2.41426911630901,,0.056700197139781486,2.33341572941128,,,,,0.11238839614659644,,0.46875,0.02809709903664911,12.5625,,,,,2.15060356673217,29.072318432745895,-0.8847001803837253,0.8229887595404493,-1.4737539730457798,,8.46016658500735,5.7497926601700176,,26.705250682417724,,,,,772.4583654250105,-1.3368055555555558,0.02683953113332608,,,-34.46148099731538,0.30000000000000004,,,,1.4835079353363607,0.04487179487179488,,,,30.237266330505573,0.4138759946949602,9.642470212855176,9.233648437527002,32.29333841183039,1.1201833978528155,-27.232142857142858,,0.09806034809214438,0.034188034188034185,,7.711729886101439,0.0,,,0.1417504928494537,6.636428571428571,,0.07957929253410474,0.9529518410704254,,0.10365853658536585,68.11500729727732,,,-37.92883403361345,,0.21975700429947106,19.146343872881932,19.745740101212057,,0.0504873158749088,,,35.15426105717367,-66.45975829262021,,1.2649830836152731,,0.024943310657596373,,0.20825964584788872,4.789284216026848,,,,224.62167212612272,0.15696928878533647,0.24393506617098615,,,,,,6.919354838709678,-0.3834307896069193,,,141.8696377621759,,276.75346374691145,0.19667969325654377,0.03909708548525107,1.3255659563396116,0.49272701272701275,0.26966595725339704,,,0.5,2746.630564387917,,,,0.031393857757067295,0.27450431365324984,10.97434248608626,,
2026-03-31,1.1097843449311993,,0.053520436115545716,0.28912783751493426,,,,,0.12173690478185871,,5.334821428571428,0.030434226195464677,0.0,,,,,2.202700905719478,43.93823356095344,-6.692873931818596,0.25296510542354833,0.740022894177536,,3.1730850890086577,12.542038150528718,,34.70500162937686,,,,,1756.1436896092985,4.125,0.054657275656351145,,,129.77242031293827,0.30000000000000004,,,,1.0637197293407414,0.0,,,,22.185250782403248,0.38171419098143233,2.4587093175614907,6.703696195085401,34.48560939671903,4.179916807296264,49.017857142857146,,0.12491288452971666,0.08472545972545972,,7.290481703823247,0.0,,,0.13380109028886428,1.767,,0.030523123414818415,0.09629870793115775,,0.043976348854397634,-21.919585492068446,,,9.323004201680671,,0.14647214468896452,13.983936786839399,13.782035098963966,,0.056656494086239156,,,41.482200647249186,-62.98997171509385,,1.5703238279362013,,0.09977324263038549,,0.31464419538761845,5.093468685041163,,,,300.3669921050639,0.10462296049211753,0.1460470915459776,,,,,,3.725806451612903,10.782999075049434,,,155.0418025727388,,224.98105393872802,0.21303958336825274,0.230976256086277,10.856021219691971,0.1010918028739811,0.3435104324567208,,,0.0,1797.3529411764707,,,,0.020924592098423504,0.20699640784747167,20.131666831666834,,
